octave_min,entropy,delta_E,eta,delta_H,DS_sign
1.0,0.0105305998703223,4.23e-06,2489.503515442624,0.0,-1
2.0,0.0105305998703223,8.46e-06,1244.751757721312,0.0,-1
4.0,0.0087950861669653,1.692e-05,519.8041469837648,-0.0017355137033570004,-1
8.0,0.0092807572212553,3.384e-05,274.25405500163413,0.0004856710542899996,1
16.0,0.0074283892709623,6.768e-05,109.75752468915927,-0.0018523679502929994,-1
32.0,0.0050381749330241,0.00013536,37.22055949338135,-0.0023902143379382,-1
64.0,0.0130469112676188,0.00027072,48.1933779093484,0.0080087363345947,1
302.0,0.1015597588496496,0.0019989883333333,50.805578579990694,0.0885128475820308,1
