octave_min,delta_E
1.0,4.23e-06
2.0,8.46e-06
4.0,1.692e-05
8.0,3.384e-05
16.0,6.768e-05
32.0,0.00013536
64.0,0.00027072
302.0,0.0019989883333333333
