minutes_post_fertilization,joules
180,4.23e-06
420,8.93e-06
720,1.4569999999999998e-05
1440,2.82e-05
1800,3.525e-05
2880,5.499000000000001e-05
