scale,eta
4,0.0003133356093566268
8,0.00019771800030219685
16,0.00013486347713942103
32,9.651560637743061e-05
64,9.027201263715332e-05
128,8.851055102182155e-05
256,8.623147310703488e-05
