scale,eta
4,-0.2735524765555739
8,2.132427023219544
16,-0.34585456823713767
32,-0.1872449469934477
64,-0.19148267895220933
128,-0.18022193364624328
256,-0.046164701164235704
